<annotation>
	<folder>images</folder>
	<filename>Japan_000028.jpg</filename>
	<size>
		<width>600</width>
		<height>600</height>
		<depth>3</depth>
	</size>
	<segmented>0</segmented>
	<object>
		<name>D00</name>
		<pose>Unspecified</pose>
		<truncated>1</truncated>
		<difficult>0</difficult>
		<bndbox>
			<xmin>239</xmin>
			<ymin>495</ymin>
			<xmax>278</xmax>
			<ymax>600</ymax>
		</bndbox>
	</object>
	<object>
		<name>D44</name>
		<pose>Unspecified</pose>
		<truncated>0</truncated>
		<difficult>0</difficult>
		<bndbox>
			<xmin>336</xmin>
			<ymin>458</ymin>
			<xmax>412</xmax>
			<ymax>520</ymax>
		</bndbox>
	</object>
</annotation>