<annotation>
	<folder>images</folder>
	<filename>Japan_000003.jpg</filename>
	<size>
		<width>600</width>
		<height>600</height>
		<depth>3</depth>
	</size>
	<segmented>0</segmented>
	<object>
		<name>D20</name>
		<pose>Unspecified</pose>
		<truncated>1</truncated>
		<difficult>0</difficult>
		<bndbox>
			<xmin>151</xmin>
			<ymin>427</ymin>
			<xmax>581</xmax>
			<ymax>600</ymax>
		</bndbox>
	</object>
	<object>
		<name>D20</name>
		<pose>Unspecified</pose>
		<truncated>0</truncated>
		<difficult>0</difficult>
		<bndbox>
			<xmin>2</xmin>
			<ymin>493</ymin>
			<xmax>53</xmax>
			<ymax>581</ymax>
		</bndbox>
	</object>
</annotation>