<annotation>
	<folder>images</folder>
	<filename>Japan_000031.jpg</filename>
	<size>
		<width>600</width>
		<height>600</height>
		<depth>3</depth>
	</size>
	<segmented>0</segmented>
	<object>
		<name>D44</name>
		<pose>Unspecified</pose>
		<truncated>0</truncated>
		<difficult>0</difficult>
		<bndbox>
			<xmin>315</xmin>
			<ymin>329</ymin>
			<xmax>590</xmax>
			<ymax>545</ymax>
		</bndbox>
	</object>
	<object>
		<name>D20</name>
		<pose>Unspecified</pose>
		<truncated>1</truncated>
		<difficult>0</difficult>
		<bndbox>
			<xmin>23</xmin>
			<ymin>302</ymin>
			<xmax>225</xmax>
			<ymax>600</ymax>
		</bndbox>
	</object>
</annotation>