<annotation>
	<folder>images</folder>
	<filename>Japan_000035.jpg</filename>
	<size>
		<width>600</width>
		<height>600</height>
		<depth>3</depth>
	</size>
	<segmented>0</segmented>
	<object>
		<name>D44</name>
		<pose>Unspecified</pose>
		<truncated>0</truncated>
		<difficult>0</difficult>
		<bndbox>
			<xmin>181</xmin>
			<ymin>277</ymin>
			<xmax>302</xmax>
			<ymax>389</ymax>
		</bndbox>
	</object>
	<object>
		<name>D44</name>
		<pose>Unspecified</pose>
		<truncated>0</truncated>
		<difficult>0</difficult>
		<bndbox>
			<xmin>161</xmin>
			<ymin>362</ymin>
			<xmax>413</xmax>
			<ymax>558</ymax>
		</bndbox>
	</object>
	<object>
		<name>D10</name>
		<pose>Unspecified</pose>
		<truncated>0</truncated>
		<difficult>0</difficult>
		<bndbox>
			<xmin>92</xmin>
			<ymin>322</ymin>
			<xmax>175</xmax>
			<ymax>354</ymax>
		</bndbox>
	</object>
	<object>
		<name>D10</name>
		<pose>Unspecified</pose>
		<truncated>0</truncated>
		<difficult>0</difficult>
		<bndbox>
			<xmin>16</xmin>
			<ymin>379</ymin>
			<xmax>428</xmax>
			<ymax>458</ymax>
		</bndbox>
	</object>
</annotation>