<annotation>
	<folder>images</folder>
	<filename>Japan_000012.jpg</filename>
	<size>
		<width>600</width>
		<height>600</height>
		<depth>3</depth>
	</size>
	<segmented>0</segmented>
	<object>
		<name>D44</name>
		<pose>Unspecified</pose>
		<truncated>1</truncated>
		<difficult>0</difficult>
		<bndbox>
			<xmin>294</xmin>
			<ymin>305</ymin>
			<xmax>600</xmax>
			<ymax>537</ymax>
		</bndbox>
	</object>
	<object>
		<name>D20</name>
		<pose>Unspecified</pose>
		<truncated>0</truncated>
		<difficult>0</difficult>
		<bndbox>
			<xmin>97</xmin>
			<ymin>399</ymin>
			<xmax>250</xmax>
			<ymax>588</ymax>
		</bndbox>
	</object>
	<object>
		<name>D20</name>
		<pose>Unspecified</pose>
		<truncated>1</truncated>
		<difficult>0</difficult>
		<bndbox>
			<xmin>401</xmin>
			<ymin>455</ymin>
			<xmax>600</xmax>
			<ymax>600</ymax>
		</bndbox>
	</object>
	<object>
		<name>D44</name>
		<pose>Unspecified</pose>
		<truncated>1</truncated>
		<difficult>0</difficult>
		<bndbox>
			<xmin>1</xmin>
			<ymin>372</ymin>
			<xmax>158</xmax>
			<ymax>539</ymax>
		</bndbox>
	</object>
</annotation>