<annotation>
	<folder>images</folder>
	<filename>Japan_000011.jpg</filename>
	<size>
		<width>600</width>
		<height>600</height>
		<depth>3</depth>
	</size>
	<segmented>0</segmented>
	<object>
		<name>D00</name>
		<pose>Unspecified</pose>
		<truncated>0</truncated>
		<difficult>0</difficult>
		<bndbox>
			<xmin>77</xmin>
			<ymin>429</ymin>
			<xmax>254</xmax>
			<ymax>598</ymax>
		</bndbox>
	</object>
	<object>
		<name>D20</name>
		<pose>Unspecified</pose>
		<truncated>1</truncated>
		<difficult>0</difficult>
		<bndbox>
			<xmin>368</xmin>
			<ymin>424</ymin>
			<xmax>560</xmax>
			<ymax>600</ymax>
		</bndbox>
	</object>
</annotation>