<annotation>
    <folder>images</folder>
    <filename>Japan_000032.jpg</filename>
    <size>
        <width>600</width>
        <height>600</height>
        <depth>3</depth>
    </size>
    <segmented>0</segmented>
    <object>
        <name>D20</name>
        <pose>Unspecified</pose>
        <truncated>0</truncated>
        <difficult>0</difficult>
        <bndbox>
            <xmin>495</xmin>
            <ymin>434</ymin>
            <xmax>600</xmax>
            <ymax>566</ymax>
        </bndbox>
    </object>
    <object>
        <name>D00</name>
        <pose>Unspecified</pose>
        <truncated>0</truncated>
        <difficult>0</difficult>
        <bndbox>
            <xmin>308</xmin>
            <ymin>356</ymin>
            <xmax>416</xmax>
            <ymax>600</ymax>
        </bndbox>
    </object>
</annotation>