<annotation>
	<folder>images</folder>
	<filename>Japan_000024.jpg</filename>
	<size>
		<width>600</width>
		<height>600</height>
		<depth>3</depth>
	</size>
	<segmented>0</segmented>
	<object>
		<name>D20</name>
		<pose>Unspecified</pose>
		<truncated>1</truncated>
		<difficult>0</difficult>
		<bndbox>
			<xmin>1</xmin>
			<ymin>383</ymin>
			<xmax>83</xmax>
			<ymax>518</ymax>
		</bndbox>
	</object>
	<object>
		<name>D44</name>
		<pose>Unspecified</pose>
		<truncated>1</truncated>
		<difficult>0</difficult>
		<bndbox>
			<xmin>235</xmin>
			<ymin>317</ymin>
			<xmax>600</xmax>
			<ymax>600</ymax>
		</bndbox>
	</object>
	<object>
		<name>D44</name>
		<pose>Unspecified</pose>
		<truncated>0</truncated>
		<difficult>0</difficult>
		<bndbox>
			<xmin>35</xmin>
			<ymin>312</ymin>
			<xmax>151</xmax>
			<ymax>404</ymax>
		</bndbox>
	</object>
	<object>
		<name>D20</name>
		<pose>Unspecified</pose>
		<truncated>0</truncated>
		<difficult>0</difficult>
		<bndbox>
			<xmin>292</xmin>
			<ymin>422</ymin>
			<xmax>479</xmax>
			<ymax>565</ymax>
		</bndbox>
	</object>
	<object>
		<name>D20</name>
		<pose>Unspecified</pose>
		<truncated>0</truncated>
		<difficult>0</difficult>
		<bndbox>
			<xmin>145</xmin>
			<ymin>414</ymin>
			<xmax>282</xmax>
			<ymax>590</ymax>
		</bndbox>
	</object>
</annotation>