<annotation>
	<folder>images</folder>
	<filename>Japan_000015.jpg</filename>
	<size>
		<width>600</width>
		<height>600</height>
		<depth>3</depth>
	</size>
	<segmented>0</segmented>
	<object>
		<name>D20</name>
		<pose>Unspecified</pose>
		<truncated>0</truncated>
		<difficult>0</difficult>
		<bndbox>
			<xmin>36</xmin>
			<ymin>172</ymin>
			<xmax>576</xmax>
			<ymax>519</ymax>
		</bndbox>
	</object>
	<object>
		<name>D44</name>
		<pose>Unspecified</pose>
		<truncated>0</truncated>
		<difficult>0</difficult>
		<bndbox>
			<xmin>6</xmin>
			<ymin>124</ymin>
			<xmax>263</xmax>
			<ymax>413</ymax>
		</bndbox>
	</object>
	<object>
		<name>D44</name>
		<pose>Unspecified</pose>
		<truncated>0</truncated>
		<difficult>0</difficult>
		<bndbox>
			<xmin>276</xmin>
			<ymin>124</ymin>
			<xmax>341</xmax>
			<ymax>159</ymax>
		</bndbox>
	</object>
	<object>
		<name>D20</name>
		<pose>Unspecified</pose>
		<truncated>0</truncated>
		<difficult>0</difficult>
		<bndbox>
			<xmin>329</xmin>
			<ymin>156</ymin>
			<xmax>467</xmax>
			<ymax>243</ymax>
		</bndbox>
	</object>
</annotation>