<annotation>
    <folder>images</folder>
    <filename>Japan_000030.jpg</filename>
    <size>
        <width>600</width>
        <height>600</height>
        <depth>3</depth>
    </size>
    <segmented>0</segmented>
    <object>
        <name>D44</name>
        <pose>Unspecified</pose>
        <truncated>0</truncated>
        <difficult>0</difficult>
        <bndbox>
            <xmin>8</xmin>
            <ymin>477</ymin>
            <xmax>499</xmax>
            <ymax>578</ymax>
        </bndbox>
    </object>
    <object>
        <name>D43</name>
        <pose>Unspecified</pose>
        <truncated>0</truncated>
        <difficult>0</difficult>
        <bndbox>
            <xmin>19</xmin>
            <ymin>335</ymin>
            <xmax>519</xmax>
            <ymax>452</ymax>
        </bndbox>
    </object>
</annotation>