<annotation>
	<folder>images</folder>
	<filename>Japan_000044.jpg</filename>
	<size>
		<width>600</width>
		<height>600</height>
		<depth>3</depth>
	</size>
	<segmented>0</segmented>
	<object>
		<name>D20</name>
		<pose>Unspecified</pose>
		<truncated>1</truncated>
		<difficult>0</difficult>
		<bndbox>
			<xmin>189</xmin>
			<ymin>390</ymin>
			<xmax>600</xmax>
			<ymax>598</ymax>
		</bndbox>
	</object>
	<object>
		<name>D50</name>
		<pose>Unspecified</pose>
		<truncated>0</truncated>
		<difficult>0</difficult>
		<bndbox>
			<xmin>273</xmin>
			<ymin>441</ymin>
			<xmax>353</xmax>
			<ymax>467</ymax>
		</bndbox>
	</object>
</annotation>