<annotation>
	<folder>images</folder>
	<filename>Japan_000005.jpg</filename>
	<size>
		<width>600</width>
		<height>600</height>
		<depth>3</depth>
	</size>
	<segmented>0</segmented>
	<object>
		<name>D44</name>
		<pose>Unspecified</pose>
		<truncated>0</truncated>
		<difficult>0</difficult>
		<bndbox>
			<xmin>337</xmin>
			<ymin>397</ymin>
			<xmax>490</xmax>
			<ymax>544</ymax>
		</bndbox>
	</object>
	<object>
		<name>D43</name>
		<pose>Unspecified</pose>
		<truncated>0</truncated>
		<difficult>0</difficult>
		<bndbox>
			<xmin>332</xmin>
			<ymin>378</ymin>
			<xmax>423</xmax>
			<ymax>400</ymax>
		</bndbox>
	</object>
</annotation>