<annotation>
	<folder>images</folder>
	<filename>Japan_000025.jpg</filename>
	<size>
		<width>600</width>
		<height>600</height>
		<depth>3</depth>
	</size>
	<segmented>0</segmented>
	<object>
		<name>D20</name>
		<pose>Unspecified</pose>
		<truncated>1</truncated>
		<difficult>0</difficult>
		<bndbox>
			<xmin>72</xmin>
			<ymin>392</ymin>
			<xmax>600</xmax>
			<ymax>597</ymax>
		</bndbox>
	</object>
	<object>
		<name>D50</name>
		<pose>Unspecified</pose>
		<truncated>0</truncated>
		<difficult>0</difficult>
		<bndbox>
			<xmin>3</xmin>
			<ymin>373</ymin>
			<xmax>59</xmax>
			<ymax>384</ymax>
		</bndbox>
	</object>
</annotation>