<annotation>
	<folder>images</folder>
	<filename>Japan_000046.jpg</filename>
	<size>
		<width>600</width>
		<height>600</height>
		<depth>3</depth>
	</size>
	<segmented>0</segmented>
	<object>
		<name>D50</name>
		<pose>Unspecified</pose>
		<truncated>0</truncated>
		<difficult>0</difficult>
		<bndbox>
			<xmin>395</xmin>
			<ymin>435</ymin>
			<xmax>487</xmax>
			<ymax>463</ymax>
		</bndbox>
	</object>
	<object>
		<name>D50</name>
		<pose>Unspecified</pose>
		<truncated>0</truncated>
		<difficult>0</difficult>
		<bndbox>
			<xmin>361</xmin>
			<ymin>352</ymin>
			<xmax>414</xmax>
			<ymax>369</ymax>
		</bndbox>
	</object>
</annotation>