<annotation>
	<folder>images</folder>
	<filename>Japan_000042.jpg</filename>
	<size>
		<width>600</width>
		<height>600</height>
		<depth>3</depth>
	</size>
	<segmented>0</segmented>
	<object>
		<name>D20</name>
		<pose>Unspecified</pose>
		<truncated>0</truncated>
		<difficult>0</difficult>
		<bndbox>
			<xmin>20</xmin>
			<ymin>410</ymin>
			<xmax>288</xmax>
			<ymax>581</ymax>
		</bndbox>
	</object>
	<object>
		<name>D20</name>
		<pose>Unspecified</pose>
		<truncated>0</truncated>
		<difficult>0</difficult>
		<bndbox>
			<xmin>189</xmin>
			<ymin>277</ymin>
			<xmax>253</xmax>
			<ymax>304</ymax>
		</bndbox>
	</object>
</annotation>