<annotation>
	<folder>images</folder>
	<filename>Japan_000063.jpg</filename>
	<size>
		<width>600</width>
		<height>600</height>
		<depth>3</depth>
	</size>
	<segmented>0</segmented>
	<object>
		<name>D44</name>
		<pose>Unspecified</pose>
		<truncated>0</truncated>
		<difficult>0</difficult>
		<bndbox>
			<xmin>15</xmin>
			<ymin>334</ymin>
			<xmax>267</xmax>
			<ymax>591</ymax>
		</bndbox>
	</object>
	<object>
		<name>D00</name>
		<pose>Unspecified</pose>
		<truncated>0</truncated>
		<difficult>0</difficult>
		<bndbox>
			<xmin>347</xmin>
			<ymin>456</ymin>
			<xmax>458</xmax>
			<ymax>588</ymax>
		</bndbox>
	</object>
</annotation>