<annotation>
  <folder>images</folder>
  <filename>Czech_000020.jpg</filename>
  <size>
    <depth>3</depth>
    <width>600</width>
    <height>600</height>
  </size>
  <object>
    <name>D10</name>
    <bndbox>
      <xmin>97</xmin>
      <ymin>477</ymin>
      <xmax>167</xmax>
      <ymax>499</ymax>
    </bndbox>
  </object>
  <object>
    <name>D10</name>
    <bndbox>
      <xmin>110</xmin>
      <ymin>443</ymin>
      <xmax>180</xmax>
      <ymax>465</ymax>
    </bndbox>
  </object>
</annotation>