<annotation>
  <folder>images</folder>
  <filename>Czech_000037.jpg</filename>
  <size>
    <depth>3</depth>
    <width>600</width>
    <height>600</height>
  </size>
  <object>
    <name>D40</name>
    <bndbox>
      <xmin>381</xmin>
      <ymin>451</ymin>
      <xmax>429</xmax>
      <ymax>466</ymax>
    </bndbox>
  </object>
  <object>
    <name>D10</name>
    <bndbox>
      <xmin>298</xmin>
      <ymin>403</ymin>
      <xmax>411</xmax>
      <ymax>427</ymax>
    </bndbox>
  </object>
</annotation>