<annotation>
  <folder>images</folder>
  <filename>Czech_000031.jpg</filename>
  <size>
    <depth>3</depth>
    <width>600</width>
    <height>600</height>
  </size>
  <object>
    <name>D20</name>
    <bndbox>
      <xmin>273</xmin>
      <ymin>442</ymin>
      <xmax>343</xmax>
      <ymax>488</ymax>
    </bndbox>
  </object>
  <object>
    <name>D20</name>
    <bndbox>
      <xmin>262</xmin>
      <ymin>395</ymin>
      <xmax>307</xmax>
      <ymax>439</ymax>
    </bndbox>
  </object>
  <object>
    <name>D00</name>
    <bndbox>
      <xmin>155</xmin>
      <ymin>396</ymin>
      <xmax>194</xmax>
      <ymax>437</ymax>
    </bndbox>
  </object>
</annotation>