<annotation>
  <folder>images</folder>
  <filename>Czech_000055.jpg</filename>
  <size>
    <depth>3</depth>
    <width>600</width>
    <height>600</height>
  </size>
  <object>
    <name>D00</name>
    <bndbox>
      <xmin>147</xmin>
      <ymin>408</ymin>
      <xmax>201</xmax>
      <ymax>448</ymax>
    </bndbox>
  </object>
  <object>
    <name>D10</name>
    <bndbox>
      <xmin>329</xmin>
      <ymin>489</ymin>
      <xmax>460</xmax>
      <ymax>519</ymax>
    </bndbox>
  </object>
</annotation>