<annotation>
  <folder>images</folder>
  <filename>Czech_000070.jpg</filename>
  <size>
    <depth>3</depth>
    <width>600</width>
    <height>600</height>
  </size>
  <object>
    <name>D10</name>
    <bndbox>
      <xmin>7</xmin>
      <ymin>491</ymin>
      <xmax>115</xmax>
      <ymax>507</ymax>
    </bndbox>
  </object>
  <object>
    <name>D00</name>
    <bndbox>
      <xmin>153</xmin>
      <ymin>425</ymin>
      <xmax>222</xmax>
      <ymax>504</ymax>
    </bndbox>
  </object>
  <object>
    <name>D00</name>
    <bndbox>
      <xmin>283</xmin>
      <ymin>437</ymin>
      <xmax>352</xmax>
      <ymax>516</ymax>
    </bndbox>
  </object>
</annotation>