<annotation>
  <folder>images</folder>
  <filename>Czech_000062.jpg</filename>
  <size>
    <depth>3</depth>
    <width>600</width>
    <height>600</height>
  </size>
  <object>
    <name>D00</name>
    <bndbox>
      <xmin>303</xmin>
      <ymin>372</ymin>
      <xmax>505</xmax>
      <ymax>518</ymax>
    </bndbox>
  </object>
  <object>
    <name>D00</name>
    <bndbox>
      <xmin>1</xmin>
      <ymin>400</ymin>
      <xmax>203</xmax>
      <ymax>526</ymax>
    </bndbox>
  </object>
</annotation>