<annotation>
	<folder>images</folder>
	<filename>India_000027.jpg</filename>
	<size>
		<width>720</width>
		<height>720</height>
		<depth>3</depth>
	</size>
	<segmented>0</segmented>
	<object>
		<name>D40</name>
		<pose>Unspecified</pose>
		<truncated>0</truncated>
		<difficult>0</difficult>
		<bndbox>
			<xmin>474</xmin>
			<ymin>570</ymin>
			<xmax>586</xmax>
			<ymax>621</ymax>
		</bndbox>
	</object>
	<object>
		<name>D40</name>
		<pose>Unspecified</pose>
		<truncated>0</truncated>
		<difficult>0</difficult>
		<bndbox>
			<xmin>478</xmin>
			<ymin>511</ymin>
			<xmax>558</xmax>
			<ymax>548</ymax>
		</bndbox>
	</object>
	<object>
		<name>D40</name>
		<pose>Unspecified</pose>
		<truncated>0</truncated>
		<difficult>0</difficult>
		<bndbox>
			<xmin>191</xmin>
			<ymin>470</ymin>
			<xmax>300</xmax>
			<ymax>547</ymax>
		</bndbox>
	</object>
	<object>
		<name>D40</name>
		<pose>Unspecified</pose>
		<truncated>1</truncated>
		<difficult>0</difficult>
		<bndbox>
			<xmin>1</xmin>
			<ymin>624</ymin>
			<xmax>168</xmax>
			<ymax>711</ymax>
		</bndbox>
	</object>
	<object>
		<name>D20</name>
		<pose>Unspecified</pose>
		<truncated>0</truncated>
		<difficult>0</difficult>
		<bndbox>
			<xmin>12</xmin>
			<ymin>506</ymin>
			<xmax>274</xmax>
			<ymax>663</ymax>
		</bndbox>
	</object>
	<object>
		<name>D40</name>
		<pose>Unspecified</pose>
		<truncated>1</truncated>
		<difficult>0</difficult>
		<bndbox>
			<xmin>640</xmin>
			<ymin>494</ymin>
			<xmax>720</xmax>
			<ymax>531</ymax>
		</bndbox>
	</object>
</annotation>