<annotation>
	<folder>images</folder>
	<filename>India_000055.jpg</filename>
	<size>
		<width>720</width>
		<height>720</height>
		<depth>3</depth>
	</size>
	<segmented>0</segmented>
	<object>
		<name>D01</name>
		<pose>Unspecified</pose>
		<truncated>0</truncated>
		<difficult>0</difficult>
		<bndbox>
			<xmin>523</xmin>
			<ymin>587</ymin>
			<xmax>654</xmax>
			<ymax>702</ymax>
		</bndbox>
	</object>
	<object>
		<name>D11</name>
		<pose>Unspecified</pose>
		<truncated>0</truncated>
		<difficult>0</difficult>
		<bndbox>
			<xmin>364</xmin>
			<ymin>587</ymin>
			<xmax>670</xmax>
			<ymax>641</ymax>
		</bndbox>
	</object>
	<object>
		<name>D40</name>
		<pose>Unspecified</pose>
		<truncated>0</truncated>
		<difficult>0</difficult>
		<bndbox>
			<xmin>518</xmin>
			<ymin>578</ymin>
			<xmax>580</xmax>
			<ymax>628</ymax>
		</bndbox>
	</object>
</annotation>