<annotation>
	<folder>images</folder>
	<filename>India_000061.jpg</filename>
	<size>
		<width>720</width>
		<height>720</height>
		<depth>3</depth>
	</size>
	<segmented>0</segmented>
	<object>
		<name>D40</name>
		<pose>Unspecified</pose>
		<truncated>0</truncated>
		<difficult>0</difficult>
		<bndbox>
			<xmin>516</xmin>
			<ymin>524</ymin>
			<xmax>614</xmax>
			<ymax>567</ymax>
		</bndbox>
	</object>
	<object>
		<name>D40</name>
		<pose>Unspecified</pose>
		<truncated>0</truncated>
		<difficult>0</difficult>
		<bndbox>
			<xmin>303</xmin>
			<ymin>486</ymin>
			<xmax>367</xmax>
			<ymax>525</ymax>
		</bndbox>
	</object>
</annotation>