<annotation>
	<folder>images</folder>
	<filename>India_000038.jpg</filename>
	<size>
		<width>720</width>
		<height>720</height>
		<depth>3</depth>
	</size>
	<segmented>0</segmented>
	<object>
		<name>D01</name>
		<pose>Unspecified</pose>
		<truncated>1</truncated>
		<difficult>0</difficult>
		<bndbox>
			<xmin>248</xmin>
			<ymin>601</ymin>
			<xmax>337</xmax>
			<ymax>720</ymax>
		</bndbox>
	</object>
	<object>
		<name>D00</name>
		<pose>Unspecified</pose>
		<truncated>0</truncated>
		<difficult>0</difficult>
		<bndbox>
			<xmin>379</xmin>
			<ymin>553</ymin>
			<xmax>443</xmax>
			<ymax>620</ymax>
		</bndbox>
	</object>
</annotation>