<annotation>
	<folder>images</folder>
	<filename>India_000078.jpg</filename>
	<size>
		<width>720</width>
		<height>720</height>
		<depth>3</depth>
	</size>
	<segmented>0</segmented>
	<object>
		<name>D00</name>
		<pose>Unspecified</pose>
		<truncated>0</truncated>
		<difficult>0</difficult>
		<bndbox>
			<xmin>265</xmin>
			<ymin>538</ymin>
			<xmax>346</xmax>
			<ymax>694</ymax>
		</bndbox>
	</object>
	<object>
		<name>D11</name>
		<pose>Unspecified</pose>
		<truncated>0</truncated>
		<difficult>0</difficult>
		<bndbox>
			<xmin>417</xmin>
			<ymin>501</ymin>
			<xmax>514</xmax>
			<ymax>617</ymax>
		</bndbox>
	</object>
	<object>
		<name>D11</name>
		<pose>Unspecified</pose>
		<truncated>0</truncated>
		<difficult>0</difficult>
		<bndbox>
			<xmin>506</xmin>
			<ymin>620</ymin>
			<xmax>597</xmax>
			<ymax>712</ymax>
		</bndbox>
	</object>
	<object>
		<name>D11</name>
		<pose>Unspecified</pose>
		<truncated>1</truncated>
		<difficult>0</difficult>
		<bndbox>
			<xmin>161</xmin>
			<ymin>616</ymin>
			<xmax>720</xmax>
			<ymax>679</ymax>
		</bndbox>
	</object>
</annotation>